Word,JLPT_Level,JLPT_Jisho_Level
た,,N3
て,,N5
し,,N3
さ,,N3
する,,N5
ます,,N3
こと,,N3
ある,,N5
いる,,N5
い,,N3
ページ,,N5
か,,N3
よう,,N3
ため,,N4
ください,,N5
など,,N5
なっ,,N5
う,,N1
もの,,N5
ば,,N3
まし,,N1
なる,,N5
あっ,,N4
ノート,,N5
さん,,N5
おり,,N1
また,,N5
お,,N1
より,,N5
ご,,N5
これ,,N5
テレビ,,N5
ファイル,,N1
なく,,N5
ず,,N3
せ,,N5
スタイル,,N3
あなた,,N5
とき,,N3
チーム,,N3
ガイドブック,,N1
み,,N3
だっ,,N2
き,,N5
だけ,,N1
シリーズ,,N2
行っ,,N2
ゲーム,,N3
アルバム,,N3
ドラマ,,N3
ただし,,N2
コメント,,N1
こんにちは,,N3
アメリカ,,N4
続け,,N4
システム,,N1
クラブ,,N1
よく,,N5
バス,,N5
しかし,,N5
下さい,,N5
なお,,N1
カテゴリ,,N1
しまっ,,N3
→,,N2
スポーツ,,N5
す,,N3
書き,,N2
グループ,,N3
センター,,N3
よ,,N1
×,,N2
ほか,,N5
まず,,N3
頁,,N5
スペース,,N1
すぐ,,N1
プロ,,N3
その他,,N2
ラジオ,,N5
もし,,N4
シーズン,,N2
はじめまして,,N2
いい,,N5
ガイド,,N1
ま,,N3
あれ,,N5
ニュース,,N5
ところ,,N5
メッセージ,,N1
とても,,N5
メンバー,,N3
タイトル,,N1
え,,N5
さらに,,N3
書,,N1
トレーニング,,N2
または,,N4
兼ね,,N2
みなさん,,N5
うち,,N4
経,,N5
サイズ,,N1
いう,,N5
用い,,N3
こちら,,N5
モデル,,N2
ありがとう,,N3
ご覧,,N2
知ら,,N4
ち,,N4
そして,,N5
条,,N3
テーマ,,N2
わ,,N3
それぞれ,,N3
ちゃん,,N4
かつて,,N1
アジア,,N4
じ,,N4
これら,,N3
サービス,,N3
とも,,N3
之,,N5
思わ,,N3
デザイン,,N1
ダム,,N2
こ,,N4
こう,,N4
データ,,N1
バンド,,N2
真,,N1
いく,,N5
付,,N1
アップ,,N1
ノ,,N5
ヨーロッパ,,N3
どの,,N5
士,,N1
すべて,,N3
作っ,,N5
盤,,N3
いただき,,N1
わけ,,N4
ほう,,N3
コード,,N3
やめ,,N3
エンジン,,N3
加え,,N3
いっ,,N3
あるいは,,N3
しれ,,N1
ほとんど,,N4
述べ,,N3
ひ,,N4
言わ,,N3
カード,,N3
ファン,,N1
マーク,,N1
ケース,,N3
ルール,,N1
ホーム,,N3
いずれ,,N3
ポジション,,N1
レース,,N1
く,,N3
ベスト,,N1
よい,,N5
ビル,,N4
オープン,,N1
アナウンサー,,N4
路,,N5
１,,N5
かつ,,N4
のち,,N3
テスト,,N5
ソフト,,N4
もと,,N3
ゲスト,,N1
レコード,,N5
ただ,,N3
ステージ,,N2
挙げ,,N5
カップ,,N5
よる,,N5
ごと,,N1
かけ,,N1
ミュージック,,N1
入っ,,N5
スター,,N3
チャンネル,,N1
界,,N3
ホール,,N1
スタジオ,,N1
コーナー,,N1
限り,,N1
もしくは,,N1
じゃ,,N5
くる,,N5
ジャンル,,N1
ほぼ,,N3
含め,,N2
コンピュータ,,N4
てる,,N2
メディア,,N1
ボタン,,N5
ゆ,,N4
２,,N5
ベース,,N1
砲,,N3
立,,N5
クラス,,N5
スケート,,N3
め,,N5
介,,N2
メーカー,,N1
度度,,N3
使い,,N1
コース,,N2
そのまま,,N3
もう,,N5
領,,N1
メートル,,N5
おき,,N3
ビデオ,,N3
タイプ,,N4
まだ,,N5
トップ,,N3
レギュラー,,N1
フリー,,N2
どこ,,N5
あまり,,N5
なか,,N3
ポイント,,N1
永,,N3
あと,,N3
いくつ,,N5
すでに,,N3
陽,,N4
インタビュー,,N2
インターチェンジ,,N1
ひとつ,,N5
教,,N5
華,,N5
タレント,,N1
むら,,N5
はじめ,,N5
ギター,,N5
レベル,,N2
篇,,N1
かい,,N1
果たし,,N2
タイム,,N1
くん,,N4
成,,N5
せい,,N2
健,,N3
やっ,,N5
関西,,N2
いち,,N3
頂き,,N1
かなり,,N3
どちら,,N5
トン,,N3
しん,,N1
特,,N4
いけ,,N5
京,,N3
気に入ら,,N3
セット,,N3
つき,,N3
け,,N4
ピアノ,,N4
とう,,N3
スタート,,N2
はず,,N4
たく,,N3
カラー,,N2
まとめ,,N1
ウイルス,,N1
なぜ,,N5
かん,,N3
描か,,N3
アフリカ,,N4
樹,,N5
ホテル,,N5
オンライン,,N1
豊,,N3
くれ,,N3
エネルギー,,N3
國,,N5
やすい,,N5
ブルー,,N1
いわ,,N3
取引,,N1
弘,,N5
チェック,,N4
廃,,N1
あの,,N1
レーベル,,N1
カバー,,N2
クラシック,,N3
申し上げ,,N4
とおり,,N3
出来る,,N5
すぎ,,N2
うえ,,N5
広,,N3
テニス,,N4
けど,,N4
トラック,,N3
けん,,N3
語っ,,N3
プログラム,,N2
ど,,N3
修,,N1
もっ,,N3
３,,N5
ボール,,N3
コレクション,,N2
言い,,N2
０,,N5
ダンス,,N3
いき,,N3
カー,,N3
つまり,,N3
いろいろ,,N5
カメラ,,N5
ガス,,N4
保,,N3
香,,N3
つもり,,N4
進,,N3
トンネル,,N3
あたり,,N3
久,,N4
まち,,N5
基づい,,N3
ミス,,N3
たび,,N3
きっかけ,,N2
バック,,N2
ナンバー,,N2
コピー,,N5
彩,,N1
描い,,N3
ほん,,N5
みんな,,N5
か月,,N1
見せ,,N5
進め,,N3
ビジネス,,N1
おかけ,,N2
ゆき,,N5
コンサート,,N4
うた,,N5
そこで,,N3
ジャンプ,,N1
茂,,N2
延,,N3
慶,,N4
晴,,N5
ショー,,N1
スキー,,N3
あい,,N3
翔,,N5
パン,,N5
レポート,,N4
宏,,N5
さくら,,N3
置か,,N5
りつ,,N3
応じ,,N3
くらい,,N5
だい,,N3
どうぞ,,N5
テキスト,,N4
←,,N2
ソロ,,N1
あき,,N5
忘れ,,N4
ふりがな,,N2
クイズ,,N1
嘉,,N2
のり,,N2
いただく,,N3
載せ,,N3
あん,,N3
いわゆる,,N3
マッチ,,N5
ゴール,,N3
キロ,,N5
けい,,N1
ニュー,,N1
景,,N3
ドライバー,,N1
伊,,N1
おく,,N5
とり,,N5
ちゃ,,N3
いただい,,N3
もん,,N5
そんな,,N4
アン,,N2
ソース,,N1
つく,,N5
ダイヤ,,N3
起き,,N5
ジャ,,N2
マスター,,N3
環,,N3
ちょっと,,N5
初め,,N5
受け付け,,N4
ロケット,,N3
グランド,,N3
始まっ,,N5
しばしば,,N3
かおり,,N3
祭り,,N3
ぼ,,N5
なん,,N1
しばらく,,N4
わかる,,N5
創,,N3
生じ,,N3
もっと,,N5
演じ,,N1
徹,,N4
しま,,N4
てん,,N4
あわせ,,N1
知り,,N2
あら,,N1
沙,,N4
持た,,N1
輝,,N3
倶楽部,,N1
たま,,N3
無く,,N5
限ら,,N3
まつ,,N5
希,,N2
近,,N5
子ども,,N5
とる,,N5
とら,,N3
さまざま,,N3
まる,,N3
やや,,N3
紅,,N5
かく,,N5
造,,N5
打,,N1
良く,,N5
増え,,N4
わずか,,N3
食べ,,N5
少なく,,N2
咲,,N3
やはり,,N3
バー,,N1
もちろん,,N3
すなわち,,N3
頼,,N5
プラス,,N3
ああ,,N1
常,,N3
キャンパス,,N2
たとえば,,N4
晃,,N1
みなさ,,N5
協同,,N3
岡,,N3
フィルム,,N5
ドア,,N5
記さ,,N1
５,,N5
ごろ,,N3
ころ,,N3
サン,,N5
きっと,,N4
はん,,N5
４,,N5
らん,,N2
貼り,,N1
アウト,,N3
ポケット,,N5
アマチュア,,N1
とりあえず,,N1
脚,,N5
はる,,N5
みる,,N5
わたし,,N5
おか,,N3
おい,,N3
かね,,N2
略,,N3
崇,,N1
こん,,N2
ひと,,N5
あたる,,N3
〇,,N5
キャリア,,N1
うる,,N5
パイロット,,N3
開,,N5
きん,,N3
ちょう,,N1
朗,,N2
いん,,N1
至っ,,N1
いか,,N4
スピード,,N1
かかる,,N5
悟,,N1
貴方,,N5
ブレーキ,,N3
サイン,,N3
ねん,,N1
カタカナ,,N2
しょ,,N1
せん,,N5
ひとり,,N5
祖,,N4
ポスト,,N5
したがっ,,N3
さま,,N1
いま,,N3
なれ,,N1
つける,,N5
もっとも,,N3
あらす,,N1
多かっ,,N5
眼,,N5
ピン,,N3
頂い,,N3
優れ,,N3
ヤング,,N1
失っ,,N3
タワー,,N1
スクール,,N2
笑,,N3
クリスマス,,N3
基づき,,N3
薫,,N3
もつ,,N5
きょう,,N5
それでも,,N3
たる,,N2
パート,,N4
さい,,N1
おん,,N3
にくい,,N2
ベル,,N4
みち,,N5
昇,,N5
カット,,N1
鐵,,N3
おそらく,,N3
まつり,,N3
結ん,,N5
まったく,,N3
通っ,,N4
ジャズ,,N1
洲,,N3
よみ,,N3
玄,,N5
住ん,,N3
タクシー,,N5
ぼく,,N4
インターナショナル,,N1
なんて,,N1
ダウン,,N1
ドライブ,,N3
プール,,N5
マンガ,,N4
マラソン,,N2
こんな,,N5
いし,,N3
照,,N1
ほしい,,N5
朱,,N5
あくまで,,N2
命じ,,N3
らい,,N3
かた,,N3
あらかじめ,,N1
見つけ,,N4
消え,,N5
シナリオ,,N1
いつ,,N5
替,,N4
みどり,,N5
あゆみ,,N1
起こっ,,N3
殺,,N1
やる,,N1
送っ,,N4
寧,,N3
まあ,,N3
研,,N4
シート,,N1
どうも,,N5
そちら,,N5
キロメートル,,N5
はっきり,,N4
ショップ,,N2
たけ,,N2
ガラス,,N4
リボン,,N2
やがて,,N3
乗っ,,N1
パソコン,,N4
話し,,N5
くれる,,N4
ぶ,,N1
レストラン,,N5
コンテスト,,N1
登,,N3
満たし,,N1
これから,,N4
デモ,,N3
ニコニコ,,N2
みなみ,,N5
てつ,,N3
交代,,N2
ならびに,,N1
もともと,,N2
どんな,,N3
えん,,N3
終え,,N3
がん,,N1
ダブル,,N2
オフィス,,N3
信じ,,N3
経っ,,N1
殺さ,,N3
ミルク,,N3
喜,,N4
関わっ,,N2
婦,,N3
佑,,N3
パターン,,N2
かける,,N5
ジャーナリスト,,N2
関わる,,N2
ゆく,,N5
学ん,,N2
崎,,N2
消し,,N4
フロント,,N1
コーラス,,N2
コンクール,,N2
９,,N3
亡くなっ,,N4
ごく,,N1
勢,,N3
しかしながら,,N1
ふく,,N5
トラブル,,N1
倉,,N1
唄,,N5
率い,,N1
アンケート,,N1
あらゆる,,N3
ねる,,N5
ママ,,N3
しかも,,N3
牡,,N1
異なっ,,N3
取扱,,N1
乙女,,N3
いらっしゃる,,N4
學,,N5
バン,,N3
よって,,N1
扱わ,,N3
しろ,,N5
アラブ,,N1
さて,,N3
ワイン,,N3
パス,,N3
はるか,,N1
伸,,N3
たつ,,N5
ケン,,N4
はら,,N3
キャプテン,,N3
バカ,,N3
享,,N4
ふるさと,,N3
エン,,N5
渡っ,,N5
コート,,N5
合わ,,N3
歌っ,,N5
ふつ,,N1
オレンジ,,N1
およそ,,N3
ご存知,,N4
ボーナス,,N2
コミュニケーション,,N1
ピンク,,N2
ダイヤモンド,,N2
６,,N5
航,,N3
７,,N5
れい,,N3
ふん,,N1
己,,N1
斎,,N3
ペ,,N5
扱っ,,N3
よろしい,,N3
廣,,N3
クラ,,N5
さき,,N5
始,,N5
続けれ,,N4
たくさん,,N5
くし,,N2
きちんと,,N3
みな,,N5
報じ,,N1
衛,,N3
バランス,,N2
ハー,,N3
萬,,N5
もらう,,N3
セクション,,N1
オーバー,,N3
マル,,N3
行なっ,,N4
併せ,,N3
もり,,N4
プレゼント,,N4
そば,,N2
まんが,,N4
ずっと,,N3
眞,,N3
オーケストラ,,N2
サークル,,N2
ヒト,,N5
結,,N5
マイク,,N3
ちく,,N3
短く,,N1
憲,,N3
いす,,N5
捨て,,N4
タンパク質,,N1
クリス,,N3
ふたり,,N5
ヴァイオリン,,N3
蒼,,N5
稔,,N2
貼ら,,N5
まとめる,,N2
充,,N4
伴っ,,N1
かみ,,N5
邦,,N5
スマート,,N2
表し,,N2
プラットフォーム,,N2
ペット,,N5
ペア,,N1
過ごし,,N3
リズム,,N2
めい,,N2
フェリー,,N1
ボーイ,,N3
パーティー,,N5
きよう,,N3
テーブル,,N5
レン,,N2
ついに,,N3
護,,N3
貼っ,,N5
グラフ,,N1
コーヒー,,N5
くに,,N5
うし,,N3
占め,,N3
トイレ,,N5
ライター,,N3
トラ,,N3
めぐみ,,N1
戦っ,,N3
８,,N5
めぐる,,N2
掲げ,,N1
こども,,N5
切,,N1
踏まえ,,N1
協,,N3
なみ,,N3
おう,,N3
とく,,N3
みつ,,N1
ぐらい,,N1
なに,,N5
しっかり,,N4
カテゴリー,,N1
カン,,N3
違っ,,N5
もち,,N2
タケ,,N2
マスク,,N2
渡,,N5
向,,N5
是,,N5
マンション,,N2
送ら,,N4
おかしい,,N4
える,,N3
くろ,,N5
統,,N2
出会っ,,N3
フォーク,,N5
ダメ,,N3
代わっ,,N2
コントロール,,N1
詞,,N5
夕,,N5
ともに,,N3
ボート,,N3
イエス,,N1
ちゃんと,,N3
圓,,N3
阪,,N4
杜,,N4
ストップ,,N2
カレー,,N5
奪わ,,N3
レンズ,,N2
タイヤ,,N1
うい,,N1
ヘリコプター,,N2
ベルト,,N3
篤,,N5
ばん,,N5
めん,,N3
ふう,,N1
ベン,,N3
オートバイ,,N4
ほお,,N3
がっ,,N5
いろ,,N5
すき,,N5
萌,,N1
ねこ,,N5
キャッチ,,N1
ネコ,,N5
ひかり,,N4
あす,,N5
継,,N2
そら,,N5
くち,,N5
ゆめ,,N4
ビール,,N3
ブーム,,N1
徐,,N1
参,,N5
キン,,N2
満たさ,,N1
しき,,N3
仕え,,N1
フリ,,N1
邸,,N1
ランプ,,N1
珠,,N3
勉,,N5
ようやく,,N2
ところが,,N3
響,,N2
ファイト,,N1
手がけ,,N1
奪,,N3
つくら,,N5
遥,,N1
澄,,N2
たとえ,,N3
マーケット,,N3
処,,N5
コマーシャル,,N1
りょう,,N3
マスコミ,,N1
プラン,,N3
きみ,,N4
こい,,N3
休,,N5
取れ,,N3
ふし,,N3
克,,N5
モーター,,N2
嶺,,N1
捉え,,N2
慎,,N3
庫,,N1
いきなり,,N2
転じ,,N1
ふる,,N5
メニュー,,N2
渓,,N3
なんか,,N1
スクリーン,,N4
まもなく,,N2
アルコール,,N4
ポスター,,N2
込め,,N1
白人,,N2
集まっ,,N4
さく,,N5
ぐち,,N1
おっしゃる,,N4
ボク,,N4
しも,,N3
つる,,N4
売り上げ,,N2
セックス,,N1
満た,,N1
チャンス,,N3
わん,,N3
しり,,N3
ぞう,,N3
てい,,N1
激しく,,N3
せき,,N4
へん,,N5
テープ,,N5
できるだけ,,N3
オス,,N1
ないし,,N1
審,,N3
施さ,,N1
がち,,N1
従っ,,N3
スイッチ,,N3
まっ,,N5
ショック,,N1
それから,,N5
移っ,,N4
巻き,,N1
乗せ,,N3
養,,N1
まえ,,N5
おと,,N4
浪,,N3
ぜひ,,N3
容,,N4
アイデア,,N2
並べ,,N5
フォーム,,N1
去っ,,N3
えり,,N1
お前,,N3
ひん,,N3
ひみ,,N3
防,,N3
サクラ,,N3
刷,,N1
まして,,N1
だって,,N3
ぼう,,N3
耕,,N2
いっぱい,,N4
ともかく,,N2
嶋,,N4
まね,,N3
ネズミ,,N3
か所,,N2
ふい,,N1
エンジニア,,N1
ちや,,N1
こころ,,N4
スタンド,,N3
映,,N5
きち,,N2
はく,,N3
いったん,,N2
トランプ,,N3
いくら,,N5
ぶん,,N3
それほど,,N4
メモ,,N3
図っ,,N1
破っ,,N3
潜,,N1
ひとみ,,N2
担っ,,N1
あし,,N5
いつか,,N5
もたらし,,N1
広がっ,,N3
スーツ,,N4
それでは,,N5
がく,,N3
はじめて,,N5
すじ,,N3
コンクリート,,N2
メロディ,,N1
つながる,,N2
係る,,N2
附,,N5
スケジュール,,N2
タイミング,,N1
手続,,N2
ふろ,,N5
育,,N4
ジャム,,N4
捷,,N5
走っ,,N5
ステレオ,,N4
きよ,,N1
エレベーター,,N5
読ま,,N5
だらけ,,N1
牝,,N1
足り,,N4
倒さ,,N2
きれ,,N3
アルバイト,,N4
チップ,,N2
あめ,,N5
ボルト,,N1
組み,,N3
追,,N3
たて,,N5
孔,,N3
カレンダー,,N5
パチンコ,,N1
務,,N5
ゆい,,N3
繰り返さ,,N3
失い,,N4
おはよう,,N2
訂,,N1
がた,,N3
すみ,,N4
きし,,N3
なす,,N2
とこ,,N1
ヶ所,,N2
トリ,,N5
バット,,N1
ラベル,,N1
烈,,N3
スプリング,,N1
告げ,,N1
ちか,,N3
攻,,N3
ことば,,N5
並,,N1
見つかっ,,N4
しよう,,N1
どうか,,N3
后,,N3
タバコ,,N5
ちゃっ,,N1
ナイター,,N1
あか,,N5
たびたび,,N3
カナ,,N1
らく,,N3
ゴム,,N2
ふみ,,N1
切っ,,N2
やま,,N5
透,,N2
ほし,,N4
謙,,N2
招い,,N3
負っ,,N1
規,,N1
気づい,,N3
もはや,,N1
そん,,N3
ほり,,N3
〒,,N3
パーティ,,N5
わら,,N1
サイクル,,N1
のう,,N3
グレイ,,N1
くう,,N3
厳しく,,N4
売,,N5
なつ,,N5
いや,,N5
もしも,,N3
刻,,N3
どなた,,N5
アパート,,N5
そのうち,,N3
滋,,N2
携わっ,,N1
禁じ,,N1
エイ,,N1
行こ,,N5
ペン,,N5
唱え,,N1
育っ,,N3
それとも,,N3
どうして,,N5
コンピューター,,N4
飾っ,,N4
巌,,N3
ついで,,N1
贈ら,,N3
広げ,,N2
つくる,,N5
吾妻,,N1
支払い,,N3
アプローチ,,N1
もたらす,,N1
鶏,,N5
ロープ,,N1
いずみ,,N3
とくに,,N4
つながり,,N2
あわ,,N3
かり,,N1
ところで,,N3
瀧,,N2
引き起こし,,N1
あちこち,,N3
ゆん,,N5
へる,,N3
サル,,N3
合っ,,N4
チェンジ,,N1
つながっ,,N3
碧,,N5
パイプ,,N3
まれ,,N2
降,,N5
峯,,N1
生かし,,N1
捕らえ,,N2
ぜん,,N1
うら,,N4
充分,,N4
パーセント,,N3
祝,,N3
均,,N1
ポンプ,,N1
イス,,N5
アンテナ,,N2
検,,N3
みっ,,N5
おかげ,,N4
やく,,N4
かる,,N3
降り,,N3
うどん,,N2
耐え,,N2
揚,,N5
引い,,N3
じゅん,,N3
きゅう,,N4
それで,,N4
まとまり,,N1
配,,N3
甘,,N5
ジェリー,,N1
ふさわしい,,N1
しゅう,,N3
アワー,,N1
おじさん,,N2
こんばんは,,N2
湊,,N4
店員,,N4
ひがし,,N5
退,,N3
グラス,,N3
ナイフ,,N5
はな,,N5
まぁ,,N3
ふた,,N2
ウマ,,N3
あな,,N3
仰る,,N4
モノレール,,N2
らし,,N2
なべ,,N3
努め,,N2
カ月,,N1
生え,,N2
センチ,,N2
くださる,,N3
亜美,,N4
みき,,N1
かかり,,N3
祈,,N1
ストレス,,N1
おれ,,N1
さら,,N3
あて,,N1
ベッド,,N5
いたずら,,N3
寄,,N3
ベンチ,,N3
ユニフォーム,,N1
レンジ,,N1
つば,,N1
はつ,,N1
振,,N1
倭,,N1
標,,N3
ひかる,,N4
かす,,N5
取り組ん,,N1
いらっしゃい,,N3
繋がっ,,N2
ナイ,,N5
辞,,N5
斜,,N2
フィルター,,N1
あげる,,N5
戻さ,,N3
じゅう,,N3
序,,N2
ホット,,N1
マイナス,,N2
壱,,N5
まさに,,N3
ふしぎ,,N3
まるで,,N3
難しく,,N5
明かさ,,N1
停,,N5
向い,,N3
遡,,N2
あに,,N5
ドレス,,N3
がる,,N1
掛,,N1
とうき,,N1
うみ,,N5
留まっ,,N5
おる,,N4
ひよ,,N3
奪っ,,N3
ハンドル,,N2
カーブ,,N2
復,,N5
虞,,N1
翠,,N5
見かけ,,N2
譲,,N3
こし,,N3
論じ,,N3
受け取っ,,N3
見つかり,,N4
カクテル,,N1
まこと,,N1
たまたま,,N3
鳴,,N5
ラジ,,N5
浄,,N2
巡っ,,N2
だれ,,N5
捕,,N1
幽,,N1
プラスチック,,N2
添え,,N1
造ら,,N5
さとう,,N5
りく,,N3
会っ,,N5
おっしゃっ,,N4
限っ,,N3
渉,,N5
移さ,,N3
オレ,,N1
組み込ま,,N1
写,,N5
活かし,,N1
ショウ,,N1
摩,,N2
モニター,,N1
サラリーマン,,N2
取り戻し,,N1
ぶつ,,N3
たった,,N3
オイル,,N2
辞め,,N3
遂げ,,N1
行なう,,N4
回っ,,N4
まさし,,N1
壺,,N1
とりわけ,,N1
ガソリン,,N4
いのち,,N3
サンプル,,N2
ほんの,,N1
パンク,,N1
訪ね,,N4
あさ,,N5
あみ,,N1
アッ,,N4
實,,N3
明るく,,N5
ぼん,,N2
佛,,N3
加わり,,N3
珍しく,,N4
ちょうど,,N5
カッコ,,N2
紅葉,,N2
梅雨,,N3
花粉,,N1
証人,,N1
言い訳,,N1
なまり,,N1
温室,,N2
餌,,N3
田んぼ,,N2
穀物,,N3
抱,,N3
夕日,,N2
ウェイトレス,,N2
おかず,,N2
璧,,N3
上達,,N3
暗記,,N3
バイオリン,,N3
生け花,,N2
薬局,,N2
黒板,,N3
幼稚,,N2
給食,,N1
酢,,N2
容器,,N2
フライパン,,N2
こたつ,,N1
暖房,,N4
うっかり,,N2
掃除,,N5
茎,,N1
頬,,N3
虫歯,,N3
ひげ,,N4
うらやましい,,N2
使命,,N1
雌,,N1
煙突,,N2
いじめる,,N4
諦める,,N3
我慢,,N3
わがまま,,N3
後悔,,N1
泣く,,N4
疑う,,N3
引き出し,,N4
面接,,N2
片道,,N2
含,,N3
餅,,N2
食欲,,N3
冷凍,,N2
胃,,N3
飾る,,N4
電球,,N2
洗濯,,N5
遠足,,N2
昼食,,N3
休暇,,N3
くしゃみ,,N2
椅子,,N5
手首,,N2
肺,,N1
体温,,N3
咳,,N3
硬貨,,N3
握手,,N3
家事,,N3
毛布,,N3
枕,,N2
ほこり,,N3
ブラシ,,N2
歯磨き,,N2
畳,,N4
じゅうたん,,N2
ろうそく,,N2
停電,,N2
正午,,N3
戻,,N4
蒸し暑い,,N2
泥棒,,N4
拍手,,N3
冗談,,N3
ファックス,,N4
歩道,,N3
注射,,N4
調子,,N3
肘,,N2
喉,,N3
葬式,,N2
欠席,,N3
姪,,N2
景色,,N4
値段,,N4
名刺,,N2
給料,,N3
締め切り,,N2
秤,,N2
測る,,N3
やかん,,N2
蓋,,N2
新鮮,,N3
値引き,,N1
中々,,N3
ねずみ,,N3
はち,,N5
味噌,,N4
汁,,N2
生き物,,N3
別々,,N2
支払う,,N3
配達,,N3
封筒,,N5
葉書,,N5
貸す,,N5
借りる,,N5
泳ぐ,,N5
着物,,N4
浴衣,,N2
袖,,N3
革,,N3
飴,,N5
豚肉,,N5
石鹸,,N5
細い,,N5
危ない,,N5
廊下,,N5
暇,,N5
鉛筆,,N5
宿題,,N5
傘,,N5
赤ちゃん,,N4
男の子,,N5
財布,,N5
鞄,,N5
毎晩,,N5
去年,,N5
皿,,N3
箸,,N5
紅茶,,N5
飲み物,,N5
砂糖,,N5
醤油,,N5
果物,,N5
今朝,,N5
今晩,,N5
夕べ,,N5
茶色い,,N2
黄色い,,N5
遅,,N5
自転,,N1
聞,,N5
習,,N5
冷蔵,,N1
土産,,N3
布団,,N4
一人,,N5
棚,,N4
忙,,N5
明後日,,N5
昨日,,N5
買,,N5
机,,N5
台所,,N5
牛乳,,N5
きっ,,N5
はさみ,,N3
えんぴつ,,N5
つり,,N3
しゅみ,,N4
がっき,,N3
きょうか,,N2
けいざい,,N4
おくじょう,,N4
いざ,,N1
かなしい,,N4
じょ,,N1
しゅ,,N1
けっこん,,N5
おととい,,N5
ぶどう,,N4
ロッカー,,N2
きたない,,N5
さけ,,N3
けいたい,,N1
のど,,N3
おなか,,N5
晩ご飯,,N5
ゆか,,N3
えんぎ,,N3
べんきょう,,N5
わるい,,N5
くだもの,,N5
カーテン,,N4
ゴミ,,N3
きょく,,N3
きず,,N3
くび,,N4
あたま,,N5
かぜ,,N5
かぐ,,N3
たな,,N4
スリッパ,,N5
げんかん,,N5
今月,,N5
スプーン,,N5
こむぎ,,N3
グラム,,N5
バター,,N5
かいてき,,N3
たまに,,N4
がいこく,,N5
かだい,,N1
毎朝,,N5
まあまあ,,N2
ブーツ,,N1
サンダル,,N4
ゆびわ,,N4
めがね,,N5
バッグ,,N3
シャツ,,N5
パンツ,,N2
きゃく,,N4
きせつ,,N4
さしみ,,N2
たたみ,,N4
みずうみ,,N4
かわ,,N5
ハンカチ,,N5
にんぎょう,,N4
まじめ,,N3
にがい,,N4
ビタミン,,N2
かゆ,,N1
くすり,,N5
まど,,N5
ねつ,,N4
あらし,,N3
うさぎ,,N3
さる,,N3
あかちゃん,,N4
来年,,N5
じこ,,N4
いがい,,N4
ご飯,,N5
ふね,,N4
みず,,N5
よてい,,N4
しょう,,N3
せつ,,N3
ねむい,,N4
チーズ,,N3
じてん,,N4
はたち,,N5
だんぼう,,N4
こんど,,N4
レジ,,N4
マフラー,,N2
むらさき,,N2
ジーンズ,,N3
セーター,,N5
くうき,,N4
ふべん,,N4
ぎんこう,,N5
ゆうびん,,N3
いなか,,N4
れきし,,N4
まんなか,,N4
おもちゃ,,N4
でんき,,N5
とちゅう,,N4
いとこ,,N3
来週,,N5
きのう,,N5
先週,,N5
先月,,N5
きょねん,,N5
ぎゅうにゅう,,N5
タオル,,N3
こおり,,N3
ばんごう,,N5
かぎ,,N5
ぜんぶ,,N5
ナプキン,,N1
はし,,N5
からい,,N5
スープ,,N3
二人,,N5
ちゅ,,N4
ちゅう,,N3
りょうり,,N5
ぎゅうにく,,N5
こしょう,,N4
そと,,N5
すずしい,,N5
けしき,,N4
ピクニック,,N3
キャンプ,,N3
ハイキング,,N3
へや,,N5
みみ,,N5
いぬ,,N5
ちゃいろ,,N5
どうぶつ,,N5
すう,,N5
せんこう,,N3
エスカレーター,,N4
きっぷ,,N5
ステーキ,,N4
かんとく,,N3
えいが,,N5
ブラウス,,N2
ネックレス,,N2
たんじょう,,N3
び,,N1
デート,,N3
たいこ,,N2
はなび,,N2
たいかい,,N3
きじ,,N3
レッスン,,N1
ひらがな,,N2
れんしゅう,,N5
しょく,,N3
うけつけ,,N4
むずかしい,,N5
セール,,N1
きいろい,,N5
こわい,,N4
おとな,,N5
にゅう,,N4
じょう,,N1
いりぐち,,N5
ごご,,N5
つまら,,N5
しゃしん,,N5
うんてん,,N3
ほんやく,,N4
いしゃ,,N5
しめきり,,N2
しつもん,,N5
じゅぎょう,,N5
きょうしつ,,N5
ぶたにく,,N5
しお,,N5
なま,,N3
ぎゅう,,N3
やさい,,N5
しょうゆ,,N5
ケーキ,,N4
おかし,,N5
あまい,,N5
みじかい,,N5
にわ,,N5
べんり,,N5
ロビー,,N2
にく,,N5
ひろば,,N2
びじゅつ,,N1
スーツケース,,N4
ひこう,,N3
りょこう,,N5
来月,,N5
休み,,N5
たのしい,,N5
そうじ,,N5
しゅく,,N1
がっこう,,N5
かじ,,N3
しごと,,N5
かんこく,,N1
えいご,,N5
コーチ,,N3
きょうだい,,N5
さむい,,N5
おんせん,,N2
ふゆ,,N5
こんばん,,N5
くもり,,N5
はれ,,N5
てんき,,N5
あたたかい,,N5
ちかく,,N5
かぞく,,N5
でんわ,,N5
びょういん,,N5
けいさつ,,N4
あぶない,,N5
だいじょうぶ,,N5
みやげ,,N3
じんじゃ,,N4
デザート,,N1
てら,,N4
たてもの,,N5
ながい,,N5
はやい,,N5
こうえん,,N5
つぎ,,N5
でんしゃ,,N5
つくえ,,N5
せんたく,,N5
れいぞう,,N1
たぶん,,N5
シャワー,,N5
せまい,,N5
ひろい,,N5
あした,,N5
らいしゅう,,N5
ちかい,,N5
かいだん,,N5
コンセント,,N2
とおい,,N5
てあらい,,N2
のりかえ,,N2
あそこ,,N5
さつ,,N3
ともだち,,N5
クリーム,,N3
すこし,,N5
サラダ,,N4
たかい,,N5
くろい,,N5
みせ,,N5
ネクタイ,,N5
あおい,,N5
スカート,,N5
さいふ,,N5
ごはん,,N5
まいばん,,N5
べんとう,,N3
ひる,,N5
あさごはん,,N5
たべ,,N5
ジュース,,N3
まいにち,,N5
サンドイッチ,,N4
ざっし,,N5
おんがく,,N5
ときどき,,N5
おっと,,N4
むすこ,,N4
むすめ,,N4
つま,,N4
だいがく,,N5
ゆうめい,,N5
かんご,,N1
おとうと,,N5
うるさい,,N5
いもうと,,N5
いそがしい,,N5
きれい,,N5
しずか,,N5
にぎやか,,N5
とし,,N5
かばん,,N5
パスポート,,N3
ちず,,N5
おもしろい,,N5
かわいい,,N5
くつ,,N5
しろい,,N5
あかい,,N5
ぼうし,,N5
えき,,N5
デパート,,N5
にほん,,N3
ちいさい,,N5
おおきい,,N5
いいえ,,N5
おいしい,,N5
じゃあ,,N5
かっこ,,N2
やさしい,,N5
せんせい,,N5
